,url,repository_url,labels_url,user
0,https://api.github.com/repos/pandas-dev/pandas/issues/50409,https://api.github.com/repos/pandas-dev/pandas,https://api.github.com/repos/pandas-dev/pandas/issues/50409/labels{/name},"{'login': 'd2thebee', 'id': 79337886, 'node_id': 'MDQ6VXNlcjc5MzM3ODg2', 'avatar_url': 'https://avatars.githubusercontent.com/u/79337886?v=4', 'gravatar_id': '', 'url': 'https://api.github.com/users/d2thebee', 'html_url': 'https://github.com/d2thebee', 'followers_url': 'https://api.github.com/users/d2thebee/followers', 'following_url': 'https://api.github.com/users/d2thebee/following{/other_user}', 'gists_url': 'https://api.github.com/users/d2thebee/gists{/gist_id}', 'starred_url': 'https://api.github.com/users/d2thebee/starred{/owner}{/repo}', 'subscriptions_url': 'https://api.github.com/users/d2thebee/subscriptions', 'organizations_url': 'https://api.github.com/users/d2thebee/orgs', 'repos_url': 'https://api.github.com/users/d2thebee/repos', 'events_url': 'https://api.github.com/users/d2thebee/events{/privacy}', 'received_events_url': 'https://api.github.com/users/d2thebee/received_events', 'type': 'User', 'site_admin': False}"
1,https://api.github.com/repos/pandas-dev/pandas/issues/50408,https://api.github.com/repos/pandas-dev/pandas,https://api.github.com/repos/pandas-dev/pandas/issues/50408/labels{/name},"{'login': 'luke396', 'id': 77875500, 'node_id': 'MDQ6VXNlcjc3ODc1NTAw', 'avatar_url': 'https://avatars.githubusercontent.com/u/77875500?v=4', 'gravatar_id': '', 'url': 'https://api.github.com/users/luke396', 'html_url': 'https://github.com/luke396', 'followers_url': 'https://api.github.com/users/luke396/followers', 'following_url': 'https://api.github.com/users/luke396/following{/other_user}', 'gists_url': 'https://api.github.com/users/luke396/gists{/gist_id}', 'starred_url': 'https://api.github.com/users/luke396/starred{/owner}{/repo}', 'subscriptions_url': 'https://api.github.com/users/luke396/subscriptions', 'organizations_url': 'https://api.github.com/users/luke396/orgs', 'repos_url': 'https://api.github.com/users/luke396/repos', 'events_url': 'https://api.github.com/users/luke396/events{/privacy}', 'received_events_url': 'https://api.github.com/users/luke396/received_events', 'type': 'User', 'site_admin': False}"
2,https://api.github.com/repos/pandas-dev/pandas/issues/50407,https://api.github.com/repos/pandas-dev/pandas,https://api.github.com/repos/pandas-dev/pandas/issues/50407/labels{/name},"{'login': 'rhshadrach', 'id': 45562402, 'node_id': 'MDQ6VXNlcjQ1NTYyNDAy', 'avatar_url': 'https://avatars.githubusercontent.com/u/45562402?v=4', 'gravatar_id': '', 'url': 'https://api.github.com/users/rhshadrach', 'html_url': 'https://github.com/rhshadrach', 'followers_url': 'https://api.github.com/users/rhshadrach/followers', 'following_url': 'https://api.github.com/users/rhshadrach/following{/other_user}', 'gists_url': 'https://api.github.com/users/rhshadrach/gists{/gist_id}', 'starred_url': 'https://api.github.com/users/rhshadrach/starred{/owner}{/repo}', 'subscriptions_url': 'https://api.github.com/users/rhshadrach/subscriptions', 'organizations_url': 'https://api.github.com/users/rhshadrach/orgs', 'repos_url': 'https://api.github.com/users/rhshadrach/repos', 'events_url': 'https://api.github.com/users/rhshadrach/events{/privacy}', 'received_events_url': 'https://api.github.com/users/rhshadrach/received_events', 'type': 'User', 'site_admin': False}"
3,https://api.github.com/repos/pandas-dev/pandas/issues/50406,https://api.github.com/repos/pandas-dev/pandas,https://api.github.com/repos/pandas-dev/pandas/issues/50406/labels{/name},"{'login': 'rhshadrach', 'id': 45562402, 'node_id': 'MDQ6VXNlcjQ1NTYyNDAy', 'avatar_url': 'https://avatars.githubusercontent.com/u/45562402?v=4', 'gravatar_id': '', 'url': 'https://api.github.com/users/rhshadrach', 'html_url': 'https://github.com/rhshadrach', 'followers_url': 'https://api.github.com/users/rhshadrach/followers', 'following_url': 'https://api.github.com/users/rhshadrach/following{/other_user}', 'gists_url': 'https://api.github.com/users/rhshadrach/gists{/gist_id}', 'starred_url': 'https://api.github.com/users/rhshadrach/starred{/owner}{/repo}', 'subscriptions_url': 'https://api.github.com/users/rhshadrach/subscriptions', 'organizations_url': 'https://api.github.com/users/rhshadrach/orgs', 'repos_url': 'https://api.github.com/users/rhshadrach/repos', 'events_url': 'https://api.github.com/users/rhshadrach/events{/privacy}', 'received_events_url': 'https://api.github.com/users/rhshadrach/received_events', 'type': 'User', 'site_admin': False}"
4,https://api.github.com/repos/pandas-dev/pandas/issues/50405,https://api.github.com/repos/pandas-dev/pandas,https://api.github.com/repos/pandas-dev/pandas/issues/50405/labels{/name},"{'login': 'rhshadrach', 'id': 45562402, 'node_id': 'MDQ6VXNlcjQ1NTYyNDAy', 'avatar_url': 'https://avatars.githubusercontent.com/u/45562402?v=4', 'gravatar_id': '', 'url': 'https://api.github.com/users/rhshadrach', 'html_url': 'https://github.com/rhshadrach', 'followers_url': 'https://api.github.com/users/rhshadrach/followers', 'following_url': 'https://api.github.com/users/rhshadrach/following{/other_user}', 'gists_url': 'https://api.github.com/users/rhshadrach/gists{/gist_id}', 'starred_url': 'https://api.github.com/users/rhshadrach/starred{/owner}{/repo}', 'subscriptions_url': 'https://api.github.com/users/rhshadrach/subscriptions', 'organizations_url': 'https://api.github.com/users/rhshadrach/orgs', 'repos_url': 'https://api.github.com/users/rhshadrach/repos', 'events_url': 'https://api.github.com/users/rhshadrach/events{/privacy}', 'received_events_url': 'https://api.github.com/users/rhshadrach/received_events', 'type': 'User', 'site_admin': False}"
5,https://api.github.com/repos/pandas-dev/pandas/issues/50404,https://api.github.com/repos/pandas-dev/pandas,https://api.github.com/repos/pandas-dev/pandas/issues/50404/labels{/name},"{'login': 'rhshadrach', 'id': 45562402, 'node_id': 'MDQ6VXNlcjQ1NTYyNDAy', 'avatar_url': 'https://avatars.githubusercontent.com/u/45562402?v=4', 'gravatar_id': '', 'url': 'https://api.github.com/users/rhshadrach', 'html_url': 'https://github.com/rhshadrach', 'followers_url': 'https://api.github.com/users/rhshadrach/followers', 'following_url': 'https://api.github.com/users/rhshadrach/following{/other_user}', 'gists_url': 'https://api.github.com/users/rhshadrach/gists{/gist_id}', 'starred_url': 'https://api.github.com/users/rhshadrach/starred{/owner}{/repo}', 'subscriptions_url': 'https://api.github.com/users/rhshadrach/subscriptions', 'organizations_url': 'https://api.github.com/users/rhshadrach/orgs', 'repos_url': 'https://api.github.com/users/rhshadrach/repos', 'events_url': 'https://api.github.com/users/rhshadrach/events{/privacy}', 'received_events_url': 'https://api.github.com/users/rhshadrach/received_events', 'type': 'User', 'site_admin': False}"
6,https://api.github.com/repos/pandas-dev/pandas/issues/50403,https://api.github.com/repos/pandas-dev/pandas,https://api.github.com/repos/pandas-dev/pandas/issues/50403/labels{/name},"{'login': 'rhshadrach', 'id': 45562402, 'node_id': 'MDQ6VXNlcjQ1NTYyNDAy', 'avatar_url': 'https://avatars.githubusercontent.com/u/45562402?v=4', 'gravatar_id': '', 'url': 'https://api.github.com/users/rhshadrach', 'html_url': 'https://github.com/rhshadrach', 'followers_url': 'https://api.github.com/users/rhshadrach/followers', 'following_url': 'https://api.github.com/users/rhshadrach/following{/other_user}', 'gists_url': 'https://api.github.com/users/rhshadrach/gists{/gist_id}', 'starred_url': 'https://api.github.com/users/rhshadrach/starred{/owner}{/repo}', 'subscriptions_url': 'https://api.github.com/users/rhshadrach/subscriptions', 'organizations_url': 'https://api.github.com/users/rhshadrach/orgs', 'repos_url': 'https://api.github.com/users/rhshadrach/repos', 'events_url': 'https://api.github.com/users/rhshadrach/events{/privacy}', 'received_events_url': 'https://api.github.com/users/rhshadrach/received_events', 'type': 'User', 'site_admin': False}"
7,https://api.github.com/repos/pandas-dev/pandas/issues/50402,https://api.github.com/repos/pandas-dev/pandas,https://api.github.com/repos/pandas-dev/pandas/issues/50402/labels{/name},"{'login': 'dchigarev', 'id': 62142979, 'node_id': 'MDQ6VXNlcjYyMTQyOTc5', 'avatar_url': 'https://avatars.githubusercontent.com/u/62142979?v=4', 'gravatar_id': '', 'url': 'https://api.github.com/users/dchigarev', 'html_url': 'https://github.com/dchigarev', 'followers_url': 'https://api.github.com/users/dchigarev/followers', 'following_url': 'https://api.github.com/users/dchigarev/following{/other_user}', 'gists_url': 'https://api.github.com/users/dchigarev/gists{/gist_id}', 'starred_url': 'https://api.github.com/users/dchigarev/starred{/owner}{/repo}', 'subscriptions_url': 'https://api.github.com/users/dchigarev/subscriptions', 'organizations_url': 'https://api.github.com/users/dchigarev/orgs', 'repos_url': 'https://api.github.com/users/dchigarev/repos', 'events_url': 'https://api.github.com/users/dchigarev/events{/privacy}', 'received_events_url': 'https://api.github.com/users/dchigarev/received_events', 'type': 'User', 'site_admin': False}"
8,https://api.github.com/repos/pandas-dev/pandas/issues/50401,https://api.github.com/repos/pandas-dev/pandas,https://api.github.com/repos/pandas-dev/pandas/issues/50401/labels{/name},"{'login': 'jbrockmendel', 'id': 8078968, 'node_id': 'MDQ6VXNlcjgwNzg5Njg=', 'avatar_url': 'https://avatars.githubusercontent.com/u/8078968?v=4', 'gravatar_id': '', 'url': 'https://api.github.com/users/jbrockmendel', 'html_url': 'https://github.com/jbrockmendel', 'followers_url': 'https://api.github.com/users/jbrockmendel/followers', 'following_url': 'https://api.github.com/users/jbrockmendel/following{/other_user}', 'gists_url': 'https://api.github.com/users/jbrockmendel/gists{/gist_id}', 'starred_url': 'https://api.github.com/users/jbrockmendel/starred{/owner}{/repo}', 'subscriptions_url': 'https://api.github.com/users/jbrockmendel/subscriptions', 'organizations_url': 'https://api.github.com/users/jbrockmendel/orgs', 'repos_url': 'https://api.github.com/users/jbrockmendel/repos', 'events_url': 'https://api.github.com/users/jbrockmendel/events{/privacy}', 'received_events_url': 'https://api.github.com/users/jbrockmendel/received_events', 'type': 'User', 'site_admin': False}"
9,https://api.github.com/repos/pandas-dev/pandas/issues/50400,https://api.github.com/repos/pandas-dev/pandas,https://api.github.com/repos/pandas-dev/pandas/issues/50400/labels{/name},"{'login': 'lithomas1', 'id': 47963215, 'node_id': 'MDQ6VXNlcjQ3OTYzMjE1', 'avatar_url': 'https://avatars.githubusercontent.com/u/47963215?v=4', 'gravatar_id': '', 'url': 'https://api.github.com/users/lithomas1', 'html_url': 'https://github.com/lithomas1', 'followers_url': 'https://api.github.com/users/lithomas1/followers', 'following_url': 'https://api.github.com/users/lithomas1/following{/other_user}', 'gists_url': 'https://api.github.com/users/lithomas1/gists{/gist_id}', 'starred_url': 'https://api.github.com/users/lithomas1/starred{/owner}{/repo}', 'subscriptions_url': 'https://api.github.com/users/lithomas1/subscriptions', 'organizations_url': 'https://api.github.com/users/lithomas1/orgs', 'repos_url': 'https://api.github.com/users/lithomas1/repos', 'events_url': 'https://api.github.com/users/lithomas1/events{/privacy}', 'received_events_url': 'https://api.github.com/users/lithomas1/received_events', 'type': 'User', 'site_admin': False}"
10,https://api.github.com/repos/pandas-dev/pandas/issues/50399,https://api.github.com/repos/pandas-dev/pandas,https://api.github.com/repos/pandas-dev/pandas/issues/50399/labels{/name},"{'login': 'bollard', 'id': 358225, 'node_id': 'MDQ6VXNlcjM1ODIyNQ==', 'avatar_url': 'https://avatars.githubusercontent.com/u/358225?v=4', 'gravatar_id': '', 'url': 'https://api.github.com/users/bollard', 'html_url': 'https://github.com/bollard', 'followers_url': 'https://api.github.com/users/bollard/followers', 'following_url': 'https://api.github.com/users/bollard/following{/other_user}', 'gists_url': 'https://api.github.com/users/bollard/gists{/gist_id}', 'starred_url': 'https://api.github.com/users/bollard/starred{/owner}{/repo}', 'subscriptions_url': 'https://api.github.com/users/bollard/subscriptions', 'organizations_url': 'https://api.github.com/users/bollard/orgs', 'repos_url': 'https://api.github.com/users/bollard/repos', 'events_url': 'https://api.github.com/users/bollard/events{/privacy}', 'received_events_url': 'https://api.github.com/users/bollard/received_events', 'type': 'User', 'site_admin': False}"
11,https://api.github.com/repos/pandas-dev/pandas/issues/50398,https://api.github.com/repos/pandas-dev/pandas,https://api.github.com/repos/pandas-dev/pandas/issues/50398/labels{/name},"{'login': 'natmokval', 'id': 91160475, 'node_id': 'MDQ6VXNlcjkxMTYwNDc1', 'avatar_url': 'https://avatars.githubusercontent.com/u/91160475?v=4', 'gravatar_id': '', 'url': 'https://api.github.com/users/natmokval', 'html_url': 'https://github.com/natmokval', 'followers_url': 'https://api.github.com/users/natmokval/followers', 'following_url': 'https://api.github.com/users/natmokval/following{/other_user}', 'gists_url': 'https://api.github.com/users/natmokval/gists{/gist_id}', 'starred_url': 'https://api.github.com/users/natmokval/starred{/owner}{/repo}', 'subscriptions_url': 'https://api.github.com/users/natmokval/subscriptions', 'organizations_url': 'https://api.github.com/users/natmokval/orgs', 'repos_url': 'https://api.github.com/users/natmokval/repos', 'events_url': 'https://api.github.com/users/natmokval/events{/privacy}', 'received_events_url': 'https://api.github.com/users/natmokval/received_events', 'type': 'User', 'site_admin': False}"
12,https://api.github.com/repos/pandas-dev/pandas/issues/50397,https://api.github.com/repos/pandas-dev/pandas,https://api.github.com/repos/pandas-dev/pandas/issues/50397/labels{/name},"{'login': 'MarcoGorelli', 'id': 33491632, 'node_id': 'MDQ6VXNlcjMzNDkxNjMy', 'avatar_url': 'https://avatars.githubusercontent.com/u/33491632?v=4', 'gravatar_id': '', 'url': 'https://api.github.com/users/MarcoGorelli', 'html_url': 'https://github.com/MarcoGorelli', 'followers_url': 'https://api.github.com/users/MarcoGorelli/followers', 'following_url': 'https://api.github.com/users/MarcoGorelli/following{/other_user}', 'gists_url': 'https://api.github.com/users/MarcoGorelli/gists{/gist_id}', 'starred_url': 'https://api.github.com/users/MarcoGorelli/starred{/owner}{/repo}', 'subscriptions_url': 'https://api.github.com/users/MarcoGorelli/subscriptions', 'organizations_url': 'https://api.github.com/users/MarcoGorelli/orgs', 'repos_url': 'https://api.github.com/users/MarcoGorelli/repos', 'events_url': 'https://api.github.com/users/MarcoGorelli/events{/privacy}', 'received_events_url': 'https://api.github.com/users/MarcoGorelli/received_events', 'type': 'User', 'site_admin': False}"
13,https://api.github.com/repos/pandas-dev/pandas/issues/50396,https://api.github.com/repos/pandas-dev/pandas,https://api.github.com/repos/pandas-dev/pandas/issues/50396/labels{/name},"{'login': 'jorisvandenbossche', 'id': 1020496, 'node_id': 'MDQ6VXNlcjEwMjA0OTY=', 'avatar_url': 'https://avatars.githubusercontent.com/u/1020496?v=4', 'gravatar_id': '', 'url': 'https://api.github.com/users/jorisvandenbossche', 'html_url': 'https://github.com/jorisvandenbossche', 'followers_url': 'https://api.github.com/users/jorisvandenbossche/followers', 'following_url': 'https://api.github.com/users/jorisvandenbossche/following{/other_user}', 'gists_url': 'https://api.github.com/users/jorisvandenbossche/gists{/gist_id}', 'starred_url': 'https://api.github.com/users/jorisvandenbossche/starred{/owner}{/repo}', 'subscriptions_url': 'https://api.github.com/users/jorisvandenbossche/subscriptions', 'organizations_url': 'https://api.github.com/users/jorisvandenbossche/orgs', 'repos_url': 'https://api.github.com/users/jorisvandenbossche/repos', 'events_url': 'https://api.github.com/users/jorisvandenbossche/events{/privacy}', 'received_events_url': 'https://api.github.com/users/jorisvandenbossche/received_events', 'type': 'User', 'site_admin': False}"
14,https://api.github.com/repos/pandas-dev/pandas/issues/50395,https://api.github.com/repos/pandas-dev/pandas,https://api.github.com/repos/pandas-dev/pandas/issues/50395/labels{/name},"{'login': 'abielr', 'id': 168236, 'node_id': 'MDQ6VXNlcjE2ODIzNg==', 'avatar_url': 'https://avatars.githubusercontent.com/u/168236?v=4', 'gravatar_id': '', 'url': 'https://api.github.com/users/abielr', 'html_url': 'https://github.com/abielr', 'followers_url': 'https://api.github.com/users/abielr/followers', 'following_url': 'https://api.github.com/users/abielr/following{/other_user}', 'gists_url': 'https://api.github.com/users/abielr/gists{/gist_id}', 'starred_url': 'https://api.github.com/users/abielr/starred{/owner}{/repo}', 'subscriptions_url': 'https://api.github.com/users/abielr/subscriptions', 'organizations_url': 'https://api.github.com/users/abielr/orgs', 'repos_url': 'https://api.github.com/users/abielr/repos', 'events_url': 'https://api.github.com/users/abielr/events{/privacy}', 'received_events_url': 'https://api.github.com/users/abielr/received_events', 'type': 'User', 'site_admin': False}"
15,https://api.github.com/repos/pandas-dev/pandas/issues/50392,https://api.github.com/repos/pandas-dev/pandas,https://api.github.com/repos/pandas-dev/pandas/issues/50392/labels{/name},"{'login': 'MarcoGorelli', 'id': 33491632, 'node_id': 'MDQ6VXNlcjMzNDkxNjMy', 'avatar_url': 'https://avatars.githubusercontent.com/u/33491632?v=4', 'gravatar_id': '', 'url': 'https://api.github.com/users/MarcoGorelli', 'html_url': 'https://github.com/MarcoGorelli', 'followers_url': 'https://api.github.com/users/MarcoGorelli/followers', 'following_url': 'https://api.github.com/users/MarcoGorelli/following{/other_user}', 'gists_url': 'https://api.github.com/users/MarcoGorelli/gists{/gist_id}', 'starred_url': 'https://api.github.com/users/MarcoGorelli/starred{/owner}{/repo}', 'subscriptions_url': 'https://api.github.com/users/MarcoGorelli/subscriptions', 'organizations_url': 'https://api.github.com/users/MarcoGorelli/orgs', 'repos_url': 'https://api.github.com/users/MarcoGorelli/repos', 'events_url': 'https://api.github.com/users/MarcoGorelli/events{/privacy}', 'received_events_url': 'https://api.github.com/users/MarcoGorelli/received_events', 'type': 'User', 'site_admin': False}"
16,https://api.github.com/repos/pandas-dev/pandas/issues/50390,https://api.github.com/repos/pandas-dev/pandas,https://api.github.com/repos/pandas-dev/pandas/issues/50390/labels{/name},"{'login': 'harrylojames', 'id': 51630653, 'node_id': 'MDQ6VXNlcjUxNjMwNjUz', 'avatar_url': 'https://avatars.githubusercontent.com/u/51630653?v=4', 'gravatar_id': '', 'url': 'https://api.github.com/users/harrylojames', 'html_url': 'https://github.com/harrylojames', 'followers_url': 'https://api.github.com/users/harrylojames/followers', 'following_url': 'https://api.github.com/users/harrylojames/following{/other_user}', 'gists_url': 'https://api.github.com/users/harrylojames/gists{/gist_id}', 'starred_url': 'https://api.github.com/users/harrylojames/starred{/owner}{/repo}', 'subscriptions_url': 'https://api.github.com/users/harrylojames/subscriptions', 'organizations_url': 'https://api.github.com/users/harrylojames/orgs', 'repos_url': 'https://api.github.com/users/harrylojames/repos', 'events_url': 'https://api.github.com/users/harrylojames/events{/privacy}', 'received_events_url': 'https://api.github.com/users/harrylojames/received_events', 'type': 'User', 'site_admin': False}"
17,https://api.github.com/repos/pandas-dev/pandas/issues/50389,https://api.github.com/repos/pandas-dev/pandas,https://api.github.com/repos/pandas-dev/pandas/issues/50389/labels{/name},"{'login': 'mroeschke', 'id': 10647082, 'node_id': 'MDQ6VXNlcjEwNjQ3MDgy', 'avatar_url': 'https://avatars.githubusercontent.com/u/10647082?v=4', 'gravatar_id': '', 'url': 'https://api.github.com/users/mroeschke', 'html_url': 'https://github.com/mroeschke', 'followers_url': 'https://api.github.com/users/mroeschke/followers', 'following_url': 'https://api.github.com/users/mroeschke/following{/other_user}', 'gists_url': 'https://api.github.com/users/mroeschke/gists{/gist_id}', 'starred_url': 'https://api.github.com/users/mroeschke/starred{/owner}{/repo}', 'subscriptions_url': 'https://api.github.com/users/mroeschke/subscriptions', 'organizations_url': 'https://api.github.com/users/mroeschke/orgs', 'repos_url': 'https://api.github.com/users/mroeschke/repos', 'events_url': 'https://api.github.com/users/mroeschke/events{/privacy}', 'received_events_url': 'https://api.github.com/users/mroeschke/received_events', 'type': 'User', 'site_admin': False}"
18,https://api.github.com/repos/pandas-dev/pandas/issues/50388,https://api.github.com/repos/pandas-dev/pandas,https://api.github.com/repos/pandas-dev/pandas/issues/50388/labels{/name},"{'login': 'mroeschke', 'id': 10647082, 'node_id': 'MDQ6VXNlcjEwNjQ3MDgy', 'avatar_url': 'https://avatars.githubusercontent.com/u/10647082?v=4', 'gravatar_id': '', 'url': 'https://api.github.com/users/mroeschke', 'html_url': 'https://github.com/mroeschke', 'followers_url': 'https://api.github.com/users/mroeschke/followers', 'following_url': 'https://api.github.com/users/mroeschke/following{/other_user}', 'gists_url': 'https://api.github.com/users/mroeschke/gists{/gist_id}', 'starred_url': 'https://api.github.com/users/mroeschke/starred{/owner}{/repo}', 'subscriptions_url': 'https://api.github.com/users/mroeschke/subscriptions', 'organizations_url': 'https://api.github.com/users/mroeschke/orgs', 'repos_url': 'https://api.github.com/users/mroeschke/repos', 'events_url': 'https://api.github.com/users/mroeschke/events{/privacy}', 'received_events_url': 'https://api.github.com/users/mroeschke/received_events', 'type': 'User', 'site_admin': False}"
19,https://api.github.com/repos/pandas-dev/pandas/issues/50386,https://api.github.com/repos/pandas-dev/pandas,https://api.github.com/repos/pandas-dev/pandas/issues/50386/labels{/name},"{'login': 'mroeschke', 'id': 10647082, 'node_id': 'MDQ6VXNlcjEwNjQ3MDgy', 'avatar_url': 'https://avatars.githubusercontent.com/u/10647082?v=4', 'gravatar_id': '', 'url': 'https://api.github.com/users/mroeschke', 'html_url': 'https://github.com/mroeschke', 'followers_url': 'https://api.github.com/users/mroeschke/followers', 'following_url': 'https://api.github.com/users/mroeschke/following{/other_user}', 'gists_url': 'https://api.github.com/users/mroeschke/gists{/gist_id}', 'starred_url': 'https://api.github.com/users/mroeschke/starred{/owner}{/repo}', 'subscriptions_url': 'https://api.github.com/users/mroeschke/subscriptions', 'organizations_url': 'https://api.github.com/users/mroeschke/orgs', 'repos_url': 'https://api.github.com/users/mroeschke/repos', 'events_url': 'https://api.github.com/users/mroeschke/events{/privacy}', 'received_events_url': 'https://api.github.com/users/mroeschke/received_events', 'type': 'User', 'site_admin': False}"
20,https://api.github.com/repos/pandas-dev/pandas/issues/50383,https://api.github.com/repos/pandas-dev/pandas,https://api.github.com/repos/pandas-dev/pandas/issues/50383/labels{/name},"{'login': 'rhshadrach', 'id': 45562402, 'node_id': 'MDQ6VXNlcjQ1NTYyNDAy', 'avatar_url': 'https://avatars.githubusercontent.com/u/45562402?v=4', 'gravatar_id': '', 'url': 'https://api.github.com/users/rhshadrach', 'html_url': 'https://github.com/rhshadrach', 'followers_url': 'https://api.github.com/users/rhshadrach/followers', 'following_url': 'https://api.github.com/users/rhshadrach/following{/other_user}', 'gists_url': 'https://api.github.com/users/rhshadrach/gists{/gist_id}', 'starred_url': 'https://api.github.com/users/rhshadrach/starred{/owner}{/repo}', 'subscriptions_url': 'https://api.github.com/users/rhshadrach/subscriptions', 'organizations_url': 'https://api.github.com/users/rhshadrach/orgs', 'repos_url': 'https://api.github.com/users/rhshadrach/repos', 'events_url': 'https://api.github.com/users/rhshadrach/events{/privacy}', 'received_events_url': 'https://api.github.com/users/rhshadrach/received_events', 'type': 'User', 'site_admin': False}"
21,https://api.github.com/repos/pandas-dev/pandas/issues/50382,https://api.github.com/repos/pandas-dev/pandas,https://api.github.com/repos/pandas-dev/pandas/issues/50382/labels{/name},"{'login': 'phofl', 'id': 61934744, 'node_id': 'MDQ6VXNlcjYxOTM0NzQ0', 'avatar_url': 'https://avatars.githubusercontent.com/u/61934744?v=4', 'gravatar_id': '', 'url': 'https://api.github.com/users/phofl', 'html_url': 'https://github.com/phofl', 'followers_url': 'https://api.github.com/users/phofl/followers', 'following_url': 'https://api.github.com/users/phofl/following{/other_user}', 'gists_url': 'https://api.github.com/users/phofl/gists{/gist_id}', 'starred_url': 'https://api.github.com/users/phofl/starred{/owner}{/repo}', 'subscriptions_url': 'https://api.github.com/users/phofl/subscriptions', 'organizations_url': 'https://api.github.com/users/phofl/orgs', 'repos_url': 'https://api.github.com/users/phofl/repos', 'events_url': 'https://api.github.com/users/phofl/events{/privacy}', 'received_events_url': 'https://api.github.com/users/phofl/received_events', 'type': 'User', 'site_admin': False}"
22,https://api.github.com/repos/pandas-dev/pandas/issues/50380,https://api.github.com/repos/pandas-dev/pandas,https://api.github.com/repos/pandas-dev/pandas/issues/50380/labels{/name},"{'login': 'MarcoGorelli', 'id': 33491632, 'node_id': 'MDQ6VXNlcjMzNDkxNjMy', 'avatar_url': 'https://avatars.githubusercontent.com/u/33491632?v=4', 'gravatar_id': '', 'url': 'https://api.github.com/users/MarcoGorelli', 'html_url': 'https://github.com/MarcoGorelli', 'followers_url': 'https://api.github.com/users/MarcoGorelli/followers', 'following_url': 'https://api.github.com/users/MarcoGorelli/following{/other_user}', 'gists_url': 'https://api.github.com/users/MarcoGorelli/gists{/gist_id}', 'starred_url': 'https://api.github.com/users/MarcoGorelli/starred{/owner}{/repo}', 'subscriptions_url': 'https://api.github.com/users/MarcoGorelli/subscriptions', 'organizations_url': 'https://api.github.com/users/MarcoGorelli/orgs', 'repos_url': 'https://api.github.com/users/MarcoGorelli/repos', 'events_url': 'https://api.github.com/users/MarcoGorelli/events{/privacy}', 'received_events_url': 'https://api.github.com/users/MarcoGorelli/received_events', 'type': 'User', 'site_admin': False}"
23,https://api.github.com/repos/pandas-dev/pandas/issues/50379,https://api.github.com/repos/pandas-dev/pandas,https://api.github.com/repos/pandas-dev/pandas/issues/50379/labels{/name},"{'login': 'MarcoGorelli', 'id': 33491632, 'node_id': 'MDQ6VXNlcjMzNDkxNjMy', 'avatar_url': 'https://avatars.githubusercontent.com/u/33491632?v=4', 'gravatar_id': '', 'url': 'https://api.github.com/users/MarcoGorelli', 'html_url': 'https://github.com/MarcoGorelli', 'followers_url': 'https://api.github.com/users/MarcoGorelli/followers', 'following_url': 'https://api.github.com/users/MarcoGorelli/following{/other_user}', 'gists_url': 'https://api.github.com/users/MarcoGorelli/gists{/gist_id}', 'starred_url': 'https://api.github.com/users/MarcoGorelli/starred{/owner}{/repo}', 'subscriptions_url': 'https://api.github.com/users/MarcoGorelli/subscriptions', 'organizations_url': 'https://api.github.com/users/MarcoGorelli/orgs', 'repos_url': 'https://api.github.com/users/MarcoGorelli/repos', 'events_url': 'https://api.github.com/users/MarcoGorelli/events{/privacy}', 'received_events_url': 'https://api.github.com/users/MarcoGorelli/received_events', 'type': 'User', 'site_admin': False}"
24,https://api.github.com/repos/pandas-dev/pandas/issues/50378,https://api.github.com/repos/pandas-dev/pandas,https://api.github.com/repos/pandas-dev/pandas/issues/50378/labels{/name},"{'login': 'MarcoGorelli', 'id': 33491632, 'node_id': 'MDQ6VXNlcjMzNDkxNjMy', 'avatar_url': 'https://avatars.githubusercontent.com/u/33491632?v=4', 'gravatar_id': '', 'url': 'https://api.github.com/users/MarcoGorelli', 'html_url': 'https://github.com/MarcoGorelli', 'followers_url': 'https://api.github.com/users/MarcoGorelli/followers', 'following_url': 'https://api.github.com/users/MarcoGorelli/following{/other_user}', 'gists_url': 'https://api.github.com/users/MarcoGorelli/gists{/gist_id}', 'starred_url': 'https://api.github.com/users/MarcoGorelli/starred{/owner}{/repo}', 'subscriptions_url': 'https://api.github.com/users/MarcoGorelli/subscriptions', 'organizations_url': 'https://api.github.com/users/MarcoGorelli/orgs', 'repos_url': 'https://api.github.com/users/MarcoGorelli/repos', 'events_url': 'https://api.github.com/users/MarcoGorelli/events{/privacy}', 'received_events_url': 'https://api.github.com/users/MarcoGorelli/received_events', 'type': 'User', 'site_admin': False}"
25,https://api.github.com/repos/pandas-dev/pandas/issues/50375,https://api.github.com/repos/pandas-dev/pandas,https://api.github.com/repos/pandas-dev/pandas/issues/50375/labels{/name},"{'login': 'phofl', 'id': 61934744, 'node_id': 'MDQ6VXNlcjYxOTM0NzQ0', 'avatar_url': 'https://avatars.githubusercontent.com/u/61934744?v=4', 'gravatar_id': '', 'url': 'https://api.github.com/users/phofl', 'html_url': 'https://github.com/phofl', 'followers_url': 'https://api.github.com/users/phofl/followers', 'following_url': 'https://api.github.com/users/phofl/following{/other_user}', 'gists_url': 'https://api.github.com/users/phofl/gists{/gist_id}', 'starred_url': 'https://api.github.com/users/phofl/starred{/owner}{/repo}', 'subscriptions_url': 'https://api.github.com/users/phofl/subscriptions', 'organizations_url': 'https://api.github.com/users/phofl/orgs', 'repos_url': 'https://api.github.com/users/phofl/repos', 'events_url': 'https://api.github.com/users/phofl/events{/privacy}', 'received_events_url': 'https://api.github.com/users/phofl/received_events', 'type': 'User', 'site_admin': False}"
26,https://api.github.com/repos/pandas-dev/pandas/issues/50374,https://api.github.com/repos/pandas-dev/pandas,https://api.github.com/repos/pandas-dev/pandas/issues/50374/labels{/name},"{'login': 'robsdedude', 'id': 4061254, 'node_id': 'MDQ6VXNlcjQwNjEyNTQ=', 'avatar_url': 'https://avatars.githubusercontent.com/u/4061254?v=4', 'gravatar_id': '', 'url': 'https://api.github.com/users/robsdedude', 'html_url': 'https://github.com/robsdedude', 'followers_url': 'https://api.github.com/users/robsdedude/followers', 'following_url': 'https://api.github.com/users/robsdedude/following{/other_user}', 'gists_url': 'https://api.github.com/users/robsdedude/gists{/gist_id}', 'starred_url': 'https://api.github.com/users/robsdedude/starred{/owner}{/repo}', 'subscriptions_url': 'https://api.github.com/users/robsdedude/subscriptions', 'organizations_url': 'https://api.github.com/users/robsdedude/orgs', 'repos_url': 'https://api.github.com/users/robsdedude/repos', 'events_url': 'https://api.github.com/users/robsdedude/events{/privacy}', 'received_events_url': 'https://api.github.com/users/robsdedude/received_events', 'type': 'User', 'site_admin': False}"
27,https://api.github.com/repos/pandas-dev/pandas/issues/50373,https://api.github.com/repos/pandas-dev/pandas,https://api.github.com/repos/pandas-dev/pandas/issues/50373/labels{/name},"{'login': 'jesrael', 'id': 10682573, 'node_id': 'MDQ6VXNlcjEwNjgyNTcz', 'avatar_url': 'https://avatars.githubusercontent.com/u/10682573?v=4', 'gravatar_id': '', 'url': 'https://api.github.com/users/jesrael', 'html_url': 'https://github.com/jesrael', 'followers_url': 'https://api.github.com/users/jesrael/followers', 'following_url': 'https://api.github.com/users/jesrael/following{/other_user}', 'gists_url': 'https://api.github.com/users/jesrael/gists{/gist_id}', 'starred_url': 'https://api.github.com/users/jesrael/starred{/owner}{/repo}', 'subscriptions_url': 'https://api.github.com/users/jesrael/subscriptions', 'organizations_url': 'https://api.github.com/users/jesrael/orgs', 'repos_url': 'https://api.github.com/users/jesrael/repos', 'events_url': 'https://api.github.com/users/jesrael/events{/privacy}', 'received_events_url': 'https://api.github.com/users/jesrael/received_events', 'type': 'User', 'site_admin': False}"
28,https://api.github.com/repos/pandas-dev/pandas/issues/50372,https://api.github.com/repos/pandas-dev/pandas,https://api.github.com/repos/pandas-dev/pandas/issues/50372/labels{/name},"{'login': 'adrien-berchet', 'id': 11536226, 'node_id': 'MDQ6VXNlcjExNTM2MjI2', 'avatar_url': 'https://avatars.githubusercontent.com/u/11536226?v=4', 'gravatar_id': '', 'url': 'https://api.github.com/users/adrien-berchet', 'html_url': 'https://github.com/adrien-berchet', 'followers_url': 'https://api.github.com/users/adrien-berchet/followers', 'following_url': 'https://api.github.com/users/adrien-berchet/following{/other_user}', 'gists_url': 'https://api.github.com/users/adrien-berchet/gists{/gist_id}', 'starred_url': 'https://api.github.com/users/adrien-berchet/starred{/owner}{/repo}', 'subscriptions_url': 'https://api.github.com/users/adrien-berchet/subscriptions', 'organizations_url': 'https://api.github.com/users/adrien-berchet/orgs', 'repos_url': 'https://api.github.com/users/adrien-berchet/repos', 'events_url': 'https://api.github.com/users/adrien-berchet/events{/privacy}', 'received_events_url': 'https://api.github.com/users/adrien-berchet/received_events', 'type': 'User', 'site_admin': False}"
29,https://api.github.com/repos/pandas-dev/pandas/issues/50371,https://api.github.com/repos/pandas-dev/pandas,https://api.github.com/repos/pandas-dev/pandas/issues/50371/labels{/name},"{'login': 'datapythonista', 'id': 10058240, 'node_id': 'MDQ6VXNlcjEwMDU4MjQw', 'avatar_url': 'https://avatars.githubusercontent.com/u/10058240?v=4', 'gravatar_id': '', 'url': 'https://api.github.com/users/datapythonista', 'html_url': 'https://github.com/datapythonista', 'followers_url': 'https://api.github.com/users/datapythonista/followers', 'following_url': 'https://api.github.com/users/datapythonista/following{/other_user}', 'gists_url': 'https://api.github.com/users/datapythonista/gists{/gist_id}', 'starred_url': 'https://api.github.com/users/datapythonista/starred{/owner}{/repo}', 'subscriptions_url': 'https://api.github.com/users/datapythonista/subscriptions', 'organizations_url': 'https://api.github.com/users/datapythonista/orgs', 'repos_url': 'https://api.github.com/users/datapythonista/repos', 'events_url': 'https://api.github.com/users/datapythonista/events{/privacy}', 'received_events_url': 'https://api.github.com/users/datapythonista/received_events', 'type': 'User', 'site_admin': False}"
